{"cameraMode":{"drawMode":0,"name":"Shaded","section":"Shading Mode"},"sceneLighting":false,"audioPlay":false,"sceneViewState":{"showFog":true,"showMaterialUpdate":false,"showSkybox":false,"showFlares":true,"showImageEffects":true,"showParticleSystems":true},"in2DMode":false,"pivot":{"x":1.065000057220459,"y":0.24683554470539094,"z":19.998727798461915},"rotation":{"x":0.01977728120982647,"y":-0.9801226258277893,"z":0.15295003354549409,"w":0.12623761594295503},"size":2.9032962322235109,"orthographic":false}